"frequency_of_return","description"
"257","Manual"
"90","RETRO SPOT CAKE STAND"
"89","POSTAGE"
"82","Discount"
"81","REGENCY CAKESTAND 3 TIER"
"64","RETRO SPOT TRADITIONAL TEAPOT "
"51","WHITE HANGING HEART T-LIGHT HOLDER"
"48","STRAWBERRY CERAMIC TRINKET BOX"
"41","BAKING SET 9 PIECE RETROSPOT "
"41"," Bank Charges"
"40","SAMPLES"
"37","LARGE CAKE STAND  HANGING STRAWBERY"
"34","SET/5 RED SPOTTY LID GLASS BOWLS"
"32","CAKE STAND 3 TIER MAGIC GARDEN"
"31","Adjustment by john on 26/01/2010 16"
"29","JUMBO BAG RED WHITE SPOTTY "
"26","ANTIQUE LILY FAIRY LIGHTS"
"25","RETRO SPOTS BUTTER DISH"
"25","CERAMIC CAKE STAND + HANGING CAKES"
"25","WHITE BEADED GARLAND STRING 20LIGHT"
"24","WOOD 2 DRAWER CABINET WHITE FINISH"
"24","CREAM SWEETHEART MAGAZINE RACK"
"23","GLASS  BEURRE DISH"
"22","RETRO SPOT SMALL MILK JUG"
"21","15CM CHRISTMAS GLASS BALL 20 LIGHTS"
"21","RETRO SPOT TEA SET CERAMIC 11 PC "
"20"," WHITE CHERRY LIGHTS"
"20","RETRO SPOT STORAGE JAR"
"19","VICTORIAN SEWING BOX LARGE"
"19","CREAM SWEETHEART MINI CHEST"
"19","POPCORN HOLDER , SMALL "
"18","LUNCH BAG RED SPOTTY"
"18","WOODEN BOX ADVENT CALENDAR "
"18","PINK CHERRY LIGHTS"
"18","STRAWBERRY FAIRY CAKE TEAPOT"
"17","GUMBALL COAT RACK"
"17","WOOD S/3 CABINET ANT WHITE FINISH"
"17","CHILDS BREAKFAST SET SPACEBOY "
"17","short"
"16","COOKING SET RETROSPOT"
"16","RED SPOTTY ROUND CAKE TINS"
"16","LUNCH BAG  BLACK SKULL."
"16","BAKING SET SPACEBOY DESIGN"
"16","POPCORN HOLDER , LARGE"
"15","SWEETHEART CERAMIC TRINKET BOX"
"14","SET OF 3 COLOURED  FLYING DUCKS"
"14","WHITE WOOD GARDEN PLANT LADDER"
"14","LUNCH BAG CARS BLUE"
"14","RED HANGING HEART T-LIGHT HOLDER"
"14","MIRRORED DISCO BALL "
"13","GREEN REGENCY TEACUP AND SAUCER"
"13","BLACK CHERRY LIGHTS"
"13","LUNCH BAG WOODLAND"
"13","SMALL GLASS HEART TRINKET POT"
"13","ORGANISER WOOD, ANTIQUE WHITE "
"12","CHARLOTTE BAG , SUKI DESIGN"
"12","CERAMIC STRAWBERRY CAKE MONEY BANK"
"12","CAKE STAND WHITE TWO TIER LACE"
"12","JUMBO STORAGE BAG SUKI"
"12","RETRO SPOT LARGE MILK JUG"
"12","NATURAL SLATE CHALKBOARD LARGE "
"11","JUMBO BAG SCANDINAVIAN PAISLEY"
"11","RETRO SPOT LAMP"
"11","CREAM SWEETHEART WALL CABINET"
"11","3 HOOK PHOTO SHELF ANTIQUE WHITE"
"11","TEA CUP AND SAUCER RETRO SPOT"
"11","MINI CAKE STAND WITH HANGING CAKES"
"11","CERAMIC CAKE DESIGN SPOTTED PLATE"
"11","CHILLI LIGHTS"
"11","CAKE STAND LOVEBIRD 2 TIER WHITE"
"10","LOVE LARGE WOOD LETTERS "
"10","LUNCHBAG PINK RETROSPOT"
"10","CHILDS BREAKFAST SET DOLLY GIRL "
"10","FULL ENGLISH BREAKFAST PLATE"
"10","NOVELTY BISCUITS CAKE STAND 3 TIER"
"10","DAIRY MAID LARGE MILK JUG"
"10","CERAMIC CAKE DESIGN SPOTTED MUG"
"10","RED SPOTTY CHARLOTTE BAG"
"10","SAVOY ART DECO CLOCK"
"9","DAIRY MAID TRADITIONAL TEAPOT "
"9","SET/3 POLKA DOT STACKING TINS"
"9","WOOD BLACK BOARD ANT WHITE FINISH"
"9","PINK SPOTTY CHILDS UMBRELLA"
"9","mailout"
"9","SILVER HANGING T-LIGHT HOLDER"
"9","BLUE DINER WALL CLOCK"
"9","MA CAMPAGNE CUTLERY BOX"
"9","PINK DOUGHNUT TRINKET POT "
"9","WOODEN FRAME ANTIQUE WHITE "
"9","WALL MIRROR , DIAMANTE OVAL SHAPE"
"8","ANTIQUE SILVER TEA GLASS ETCHED"
"8","LUNCHBAG SUKI  DESIGN "
"8","SET/3 RUSSIAN DOLL STACKING TINS"
"8","I CAN ONLY PLEASE ONE PERSON MUG"
"8","RED SPOTTY BISCUIT TIN"
"8","VINTAGE UNION JACK CUSHION COVER"
"8","MINI CAKE STAND  HANGING STRAWBERY"
"8","STRAWBERRY LUNCHBOX WITH CUTLERY"
"8","SWEETHEART CAKESTAND 3 TIER"
"8","TWO DOOR CURIO CABINET"
"8","RED SPOTTY PEG BAG"
"8","GLASS CAKE COVER AND PLATE"
"7","PICTURE FRAME WOOD TRIPLE PORTRAIT"
"7","RETRO SPOT MUG"
"7","SWEETHEART KEY CABINET"
"7","AMAZON FEE"
"7","GREEN CHERRY LIGHTS"
"7","GLASS HONEYPOT WASP CATCHER"
"7","HANGING JAM JAR T-LIGHT HOLDER"
"7","SET 3 RED SPOT TIN TEA,COFFEE,SUGAR"
"7","VICTORIAN SEWING BOX MEDIUM"
"7","VICTORIAN SEWING BOX SMALL "
"7","JUMBO  BAG BAROQUE BLACK WHITE"
"7","ZINC TOP  2 DOOR WOODEN SHELF "
"7","RED SPOTTY CHILDS UMBRELLA"
"7","DELUXE SEWING KIT "
"7","CHILDS BREAKFAST SET CIRCUS PARADE"
"7","DOLLY GIRL LUNCH BOX"
"7","EDWARDIAN PARASOL NATURAL"
"7","SET/3 RED GINGHAM ROSE STORAGE BOX"
"7","WOODEN SKITTLES GARDEN SET"
"7","JUMBO BAG WOODLAND ANIMALS"
"7","CREAM SWEETHEART TRAYS"
"7","DAIRY MAID  SMALL  MILK JUG"
"7","STRAWBERRY CHARLOTTE BAG"
"7","HANGING METAL HEART LANTERN"
"7","VINTAGE GLASS SUGAR CADDY"
"7","JUMBO BAG PINK WITH WHITE SPOTS"
"7","temp"
"7","GLASS STAR FROSTED T-LIGHT HOLDER"
"7","COFFEE MUG CAT + BIRD DESIGN"
"7","EGG CUP NATURAL CHICKEN"
"6","5 HOOK BLACKBOARD ORGANISER "
"6","mailout"
"6","GREEN CHRISTMAS TREE CARD HOLDER"
"6","SET/3 OCEAN SCENT CANDLE JEWEL BOX"
"6","SET OF 3 BLACK FLYING DUCKS"
"6","EAU DE NIL DINER WALL CLOCK"
"6","JUMBO BAG SPACEBOY DESIGN"
"6","OVERNIGHT BAG VINTAGE ROSE PAISLEY"
"6","SCOTTIES DESIGN WASHBAG"
"6","RETRO SPOT SUGAR JAM BOWL"
"6","CAKE STAND LACE WHITE"
"6","LIGHT PINK CHERRY LIGHTS"
"6","RED/WHITE SPOT PICNIC BAG"
"6","BISCUIT TIN VINTAGE GREEN"
"6","FAIRY CAKE BIRTHDAY CANDLE SET"
"6","HEART SHAPE WIRELESS DOORBELL"
"6","CERAMIC CAKE BOWL + HANGING CAKES"
"6","3 TIER CAKE TIN RED AND CREAM"
"6","SET/4 WHITE RETRO STORAGE CUBES "
"6","DOLLY MIXTURE CHILDREN'S UMBRELLA"
"6","DAIRY MAID CERAMIC BUTTER DISH"
"6","nan"
"6","ENAMEL BREAD BIN CREAM"
"6","JUMBO BAG STRAWBERRY"
"6","PINK HEART SHAPE EGG FRYING PAN"
"6","ENAMEL FLOWER JUG CREAM"
"6","RED/WHITE DOTS RUFFLED UMBRELLA"
"6","WOODEN PICTURE FRAME WHITE FINISH"
"6"," FLAMINGO LIGHTS"
"6","HOME BUILDING BLOCK WORD"
"6","PINK 3 TIER GLASS PLATE STAND"
"6","CHARLOTTE BAG , PINK/WHITE SPOTS"
"6","CHOC TRUFFLE GOLD TRINKET POT "
"6","HEART DECORATION WITH PEARLS "
"6","WOODEN ADVENT CALENDAR CREAM"
"6","SET OF 3 CASES WOODLAND DESIGN"
"6","COFFEE MUG DOG + BALL DESIGN"
"6","KINGS CHOICE BISCUIT TIN"
"6","MILK PAN RED RETROSPOT"
"6","NATURAL SLATE HEART CHALKBOARD "
"6","POTTING SHED TEA MUG"
"6","WOODEN CROQUET GARDEN SET"
"6","HANGING HEART JAR T-LIGHT HOLDER"
"6","RECIPE BOX RETRO SPOT DESIGN"
"6","NURSERY A,B,C PAINTED LETTERS"
"5","S/4 PINK FLOWER CANDLES IN BOWL"
"5","RECIPE BOX PANTRY YELLOW DESIGN"
"5","RECIPE BOX BLUE SKETCHBOOK DESIGN"
"5","CLASSIC WHITE FRAME"
"5","SET OF 3 SILVER FLYING DUCKS"
"5","NATURAL SLATE RECTANGLE CHALKBOARD"
"5","RED HEART SHAPE LOVE BUCKET "
"5","CAKE STAND VICTORIAN FILIGREE LARGE"
"5","LARGE CAKE STAND HANGING HEARTS"
"5","CERAMIC STRWBERRY DESIGN MUG"
"5"," CHERRY BLOSSOM  DECORATIVE FLASK"
"5","GIN + TONIC DIET METAL SIGN"
"5","MULTI COLOUR SILVER T-LIGHT HOLDER"
"5","GLASS JAR, ENGLISH CONFECTIONERY"
"5","SPACEBOY LUNCH BOX "
"5","RETRO SPOTS PUDDING BOWL"
"5","JUMBO BAG PINK VINTAGE PAISLEY"
"5","SET 10 LIGHTS NIGHT OWL"
"5","CARRIAGE"
"5","WOODEN ADVENT CALENDAR RED"
"5","STRING OF 20 ROSE LIGHTS"
"5","RED GINGHAM ROSE JEWELLERY BOX"
"5","JUMBO BAG OWLS"
"5","CHRISTMAS LIGHTS 10 VINTAGE BAUBLES"
"5","GOLD  CHERRY LIGHTS"
"5","TEA FOR ONE POLKADOT"
"5","nan"
"5","REX CASH+CARRY JUMBO SHOPPER"
"5","BREAD BIN, DINER STYLE, IVORY"
"5","TEA TIME CAKE STAND IN GIFT BOX"
"5","TEA TIME TEA SET IN GIFT BOX"
"5","RED REINDEER STRING OF 20 LIGHTS"
"5","TEATIME CAKE TIN WITH HANDLE"
"5","SMALL HEART MEASURING SPOONS"
"5"," SILVER CHERRY LIGHTS"
"5","JUMBO SHOPPER VINTAGE RED PAISLEY"
"5","ANTIQUE GLASS PEDESTAL BOWL"
"5","GLASS CAKE STAND MIRRORED BASE"
"5","GROW YOUR OWN FLOWERS SET OF 3"
"5","CHALKBOARD KITCHEN ORGANISER"
"5","WHITE METAL LANTERN"
"5","ROSES REGENCY TEACUP AND SAUCER "
"5","RETRO SPORT PARTY BAG + STICKER SET"
"5","ROUND SNACK BOXES ,SET4, WOODLAND "
"4","VINTAGE GLASS COFFEE CADDY"
"4","WHITE HANGING BEADS CANDLE HOLDER"
"4","CHARLIE AND LOLA CHARLOTTE BAG"
"4","SUNSET COLOUR CHUNKY KNITTED THROW"
"4","TEA TIME TEAPOT IN GIFT BOX"
"4","BLUE YELLOW FLOWER PIGGY BANK"
"4","YELLOW DRAGONFLY HELICOPTER"
"4","RETRO COFFEE MUGS ASSORTED"
"4","ENAMEL BLUE RIM BISCUIT BIN"
"4","YOU'RE CONFUSING ME METAL SIGN "
"4","ENCHANTED BIRD PLANT CAGE"
"4","CHRISTMAS LIGHTS 10 REINDEER"
"4","HAND WARMER OWL DESIGN"
"4","CREAM SWEETHEART EGG HOLDER"
"4","PIZZA PLATE IN BOX"
"4","SCOTTIE DOG HOT WATER BOTTLE"
"4","WELCOME  WOODEN BLOCK LETTERS"
"4","RED SPOTTY CUP"
"4","ROUND CAKE TIN VINTAGE GREEN"
"4","ROUND CAKE TIN VINTAGE RED"
"4","BLUE  SPOTTY PLATE "
"4","COFFEE MUG APPLES DESIGN"
"4","FELTCRAFT 6 FLOWER FRIENDS"
"4","VINTAGE POST OFFICE CABINET"
"4","BLUE SPOTTY BOWL"
"4","VINTAGE KITCHEN PRINT FRUITS"
"4","Incorrectly entered. should be 2279"
"4","ANGEL DECORATION 3 BUTTONS "
"4","EDWARDIAN 2 DRAWER WALL CABINET "
"4","nan"
"4","PINK REGENCY TEACUP AND SAUCER"
"4","3 HEARTS HANGING DECORATION RUSTIC"
"4","EDWARDIAN PARASOL RED"
"4","GLASS CHALICE BLUE SMALL "
"4","LIBRARY LAMP"
"4","RECIPE BOX WITH METAL HEART"
"4","CERAMIC CHERRY CAKE MONEY BANK"
"4","PINK/YELLOW PATCH CUSHION COVER"
"4","BLUE ROCKING SINGING CANARY"
"4","CREAM SWEETHEART SHELF + HOOKS"
"4","CIRCUS PARADE LUNCHBOX "
"4","CAKE STAND LOVEBIRD 2 TIER PINK"
"4","FAMILY ALBUM WHITE PICTURE FRAME"
"4","BLUE PADDED SOFT MOBILE"
"4","METAL SHELF WITH RAIL "
"4","CLASSIC FRENCH STYLE BASKET GREEN "
"4","DISCO BALL ROTATOR BATTERY OPERATED"
"4","VICTORIAN GLASS HANGING T-LIGHT"
"4","6 EGG HOUSE PAINTED WOOD"
"4","WHITE SKULL HOT WATER BOTTLE "
"4","STRAWBERRY   PICNIC BAG"
"4","PLASTERS IN TIN SPACEBOY"
"4","WOODLAND CHARLOTTE BAG"
"4","DOORSTOP RETROSPOT HEART"
"4","HEART EAR MUFF HEADPHONES"
"4","JIGSAW TREE WITH BIRDHOUSE"
"4","MEMO BOARD RETROSPOT  DESIGN"
"4","SLATE TILE NATURAL HANGING"
"4","MEMO BOARD COTTAGE DESIGN"
"4","SKULL LUNCHBOX WITH CUTLERY "
"4","VINTAGE UNION JACK MEMOBOARD"
"4","RED DINER WALL CLOCK"
"4","BLACK DINER WALL CLOCK"
"4","HANGING METAL STAR LANTERN"
"4","FLOOR CUSHION ELEPHANT CARNIVAL"
"4","WOODEN BOX OF DOMINOES"
"4","GLASS CAKE STAND"
"4","RED SPOT CERAMIC DRAWER KNOB"
"4","BLUE 3 PIECE MINI DOTS CUTLERY SET"
"4","LUNCHBAG SPACEBOY DESIGN "
"4","temp"
"4","LUNCHBOX WITH CUTLERY RETROSPOT "
"4","FAIRY CAKE DESIGN UMBRELLA"
"4","ROUND SNACK BOXES ,SET 4, FRUITS "
"4","WILLOW BRANCH LIGHTS."
"4","WHITE ORCHID FLOWER LIGHTS"
"4","CHERRY BLOSSOM DECORATIVE FLASK"
"4","CORONA MEXICAN TRAY"
"4","SILVER RETRODISC LAMPSHADE"
"3","SET/3 DECOUPAGE STACKING TINS"
"3","STRAWBERRY DREAM CHILDS UMBRELLA"
"3","PINK SMALL GLASS CAKE STAND"
"3","SET/3 VANILLA SCENTED CANDLE IN BOX"
"3","CABIN BAG VINTAGE RETROSPOT"
"3","CERAMIC STRAWBERRY MONEY BOX"
"3","CABIN BAG VINTAGE PAISLEY"
"3","SET/3 ROSE CANDLE IN JEWELLED BOX"
"3","PINK SPOTS CHOCOLATE NESTING BOXES "
"3","CERAMIC HEART FAIRY CAKE MONEY BANK"
"3","CHRISTMAS PUDDING TRINKET POT "
"3","CREAM HEART CARD HOLDER"
"3","EMERGENCY FIRST AID TIN "
"3","LUNCHBOX I LOVE LONDON"
"3","AGED GLASS SILVER T-LIGHT HOLDER"
"3","HEART OF WICKER LARGE"
"3","HEART OF WICKER SMALL"
"3","ASSORTED COLOUR SET 6 TEASPOONS"
"3","LADIES & GENTLEMEN METAL SIGN"
"3","VINTAGE UNION JACK PENNANT"
"3","BEACH HUT KEY CABINET"
"3","BATH DUCK WATERING CAN"
"3","HAND OVER THE CHOCOLATE   SIGN "
"3","RED SPOTTY APRON "
"3","GLASS CHALICE GREEN  LARGE "
"3","WALL MIRROR , RECT DIAMANTE, PINK/"
"3","SMALL RETRO SPOT MUG IN BOX  WHITE"
"3","HEART MEASURING SPOONS LARGE"
"3","ROUND SNACK BOXES SET OF 4 SKULLS"
"3","RED SPOTTY BOWL"
"3","ENAMEL MEASURING JUG CREAM"
"3","CHEST OF DRAWERS GINGHAM HEART "
"3","ANTIQUE GLASS DRESSING TABLE POT"
"3","RED 3 PIECE MINI DOTS CUTLERY SET"
"3","HOME SWEET HOME MUG"
"3","ASSORTED FLORAL SECATEURS"
"3","VINTAGE GLASS TEA CADDY"
"3","MOROCCAN TEA GLASS"
"3","WEEKEND BAG VINTAGE ROSE PAISLEY"
"3","POTTERING MUG"
"3","RED HEART CANDY POP LIGHTS"
"3","PINK  SPOTTY CUP"
"3","MONEY BOX BISCUITS DESIGN"
"3"," PEACE WOODEN BLOCK LETTERS"
"3","CAROUSEL DESIGN WASHBAG"
"3","FELTCRAFT DOLL EMILY"
"3","PINK POLKADOT KIDS BAG"
"3","GIN AND TONIC MUG"
"3","SILVER CHRISTMAS TREE BAUBLE STAND "
"3","PINK AND LILAC QUILTED THROW "
"3","TOY TIDY PINK RETROSPOT  "
"3","RECYCLING BAG RETROSPOT "
"3","AIRLINE BAG VINTAGE TOKYO 78"
"3","DANISH ROSE BEDSIDE CABINET"
"3","temp"
"3","HOOK, 5 HANGER ,MAGIC TOADSTOOL RED"
"3","EDWARDIAN PARASOL PINK"
"3","CLEAR MILKSHAKE GLASS"
"3","MOBILE VINTAGE HEARTS "
"3","KINGS CHOICE TEA CADDY "
"3","SET OF 3 GOLD FLYING DUCKS"
"3","GREEN 3 TIER GLASS PLATE STAND"
"3","RED METAL BEACH SPADE "
"3","ASSORTED COLOUR MINI CASES"
"3","EASTER DECORATION SITTING BUNNY"
"3","GLITTER HANGING BUTTERFLY STRING"
"3","FEATHER HEART LIGHTS"
"3","FRYING PAN PINK POLKADOT "
"3","This is a test product."
"3","CHARLIE + LOLA BISCUITS TINS"
"3","DOG BOWL , CHASING BALL DESIGN"
"3","FOLK ART METAL HEART T-LIGHT HOLDER"
"3","SMALL RED SPOT  WINDMILL"
"3","STRIPES DESIGN MONKEY DOLL"
"3","CHERRY CROCHET FOOD COVER"
"3","HEART IVORY TRELLIS SMALL"
"3","TOADSTOOL MONEY BOX"
"3","VINTAGE SNAP CARDS"
"3","SWEETHEART CREAM STEEL FOLDIN BENCH"
"3","WOODLAND PARTY BAG + STICKER SET"
"3","RED SPOTTY CHILDS APRON"
"3","WOODEN ROUNDERS GARDEN SET "
"3","ADVENT CALENDAR GINGHAM SACK"
"3","COLOUR GLASS T-LIGHT HOLDER HANGING"
"3","LOVE BUILDING BLOCK WORD"
"3","PLASTERS IN TIN CIRCUS PARADE "
"3","SET/6 TURQUOISE BUTTERFLY T-LIGHTS"
"3","HOLIDAY FUN LUDO"
"3","WHEELBARROW FOR CHILDREN "
"3","SEWING BOX RETROSPOT DESIGN "
"3","SHOE SHINE BOX "
"3","WOODLAND STORAGE BOX LARGE "
"3","nan"
"3","BATHROOM METAL SIGN"
"3","BOX OF VINTAGE JIGSAW BLOCKS "
"3","DAIRY MAID SUGAR JAM BOWL"
"3","JUMBO STORAGE BAG SKULLS"
"3","CERAMIC PLATE STRAWBERRY DESIGN"
"3","CARNIVAL BRACELET"
"3","GLASS BONBON JAR PARFUME AUX FLEURE"
"3","IVORY KITCHEN SCALES"
"3","HAND WARMER RED POLKA DOT"
"3","UNION STRIPE WITH FRINGE  HAMMOCK"
"3","CERAMIC BOWL WITH STRAWBERRY DESIGN"
"3","ASSTD DESIGN RACING CAR PEN"
"3","CAKE STAND VICTORIAN FILIGREE MED"
"2","SILK PURSE RUSSIAN DOLL BLUE"
"2","ASSORTED COLOUR JUMBO PEN"
"2","PURPLE PAPER PARASOL"
"2","PINK WHITE SPOTS GARDEN PARASOL"
"2","RED SPOTTY PURSE "
"2","RED SPOTTY COIR DOORMAT"
"2","FLORAL ELEPHANT SOFT TOY"
"2","GREEN CAT FLORAL CUSHION COVER "
"2","PINK PADDED MOBILE"
"2","PICCADILLY TEA SET"
"2"," RED/WHITE DOT MINI CASES"
"2","FUNKY WASHING UP GLOVES ASSORTED"
"2","RETRO RED SPOTTY WASHING UP GLOVES"
"2","RED RETRO BAR STOOL"
"2","BLACK RETRO BAR STOOL"
"2","GLITTER BUTTERFLY CLIPS"
"2","OPULENT VELVET SET/3 CANDLES"
"2","BLUE POT PLANT CANDLE "
"2","SET/3 POT PLANT CANDLES"
"2","PINK BLUE FELT CRAFT TRINKET BOX"
"2","36 PENCILS TUBE RED SPOTTY"
"2","SET/2 RED SPOTTY TEA TOWELS "
"2","SET/10 RED SPOTTY PARTY CANDLES"
"2","ANTIQUE GLASS HEART DECORATION "
"2","RED SPOTTY TABLECLOTH "
"2","KEEP OUT GIRLS DOOR HANGER "
"2","COOK WITH WINE METAL SIGN "
"2","POTTERING IN THE SHED METAL SIGN"
"2","PINK GOOSE FEATHER TREE 60CM"
"2","SALLE DE BAIN HOOK"
"2","FRENCH STYLE EMBOSSED HEART CABINET"
"2","EDWARDIAN TOILET ROLL UNIT "
"2","FILIGREE WALL MIRROR  ANTIQUE WHITE"
"2","GLASS SPHERE CANDLE STAND MEDIUM"
"2","GLASS CHALICE GREEN  SMALL "
"2","MOROCCAN BEATEN METAL MIRROR"
"2","CINAMMON & ORANGE WREATH"
"2","EUCALYPTUS & PINECONE  WREATH"
"2","RELAX LARGE WOOD LETTERS"
"2","WOODEN HAPPY BIRTHDAY GARLAND"
"2","MINI WOODEN HAPPY BIRTHDAY GARLAND"
"2","IVORY HANGING DECORATION  BIRD"
"2","GINGHAM HEART  DOORSTOP RED"
"2","SKULLS STORAGE BOX LARGE"
"2","GREEN GINGHAM FLOWER JEWELLERY BOX"
"2","24 HANGING EASTER EGGS FLORAL TUB"
"2","BUTTERFLY CROCHET FOOD COVER"
"2","SWEETHEART CREAM STEEL TABLE RECT"
"2","SWEETHEART CREAM STEEL FOLDIN CHAIR"
"2","STEEL SWEETHEART ROUND TABLE CREAM"
"2","FAWN BLUE HOT WATER BOTTLE"
"2","RETRO SPOT CERAMIC TOASTRACK"
"2","DAIRY MAID  PUDDING BOWL"
"2","CERAMIC BIRDHOUSE BUTTERFLY SMALL"
"2","CERAMIC BIRDHOUSE RED ROOF SMALL"
"2","CERAMIC BIRDHOUSE BLACK ROSE  LARGE"
"2","CERAMIC BIRDHOUSE FINCH BLUE  LARGE"
"2","TRIANGULAR POUFFE VINTAGE "
"2","ASSORTED TUTTI FRUTTI MIRROR"
"2","MILK BOTTLE WITH GLASS STOPPER "
"2","BLUE STRIPE CERAMIC DRAWER KNOB"
"2","FOLDING UMBRELLA , RED/WHITE SPOT"
"2","METAL MEDINA LANTERN "
"2","SMALL MARAKESH LANTERN ON STICK"
"2","LARGE RED SPOT WINDMILL"
"2","WALL MOUNTED VINTAGE ORGANISER"
"2","MA CAMPAGNE MINI WOODEN CHEST"
"2","WHITE CHRISTMAS STAR DECORATION"
"2"," STAR  T-LIGHT HOLDER "
"2","CHOCOLATE CALCULATOR"
"2","SAVE THE PLANET MUG"
"2","BINGO SET"
"2","TRADITIONAL WOODEN CATCH CUP GAME "
"2","MORE BUTTER METAL SIGN "
"2","SET 12 KIDS COLOUR  CHALK STICKS"
"2","RED/CREAM STRIPE FRINGE HAMMOCK"
"2","BLUE/CREAM STRIPE FRINGE HAMMOCK"
"2","BLUE/CREAM STRIPE CUSHION COVER "
"2","MINI CAKE STAND HANGING HEARTS"
"2","CERAMIC LOVE HEARTS DESIGN MUG"
"2","SMALL RETRO SPOT MUG IN BOX  RED"
"2","6 RIBBONS RUSTIC CHARM"
"2","CHOCOLATE HOT WATER BOTTLE"
"2","JOY WOODEN BLOCK LETTERS"
"2","PARTY CONES CARNIVAL ASSORTED"
"2","PARTY CONE CHRISTMAS DECORATION "
"2","LOVE HEART SOCK HANGER"
"2","DIAMANTE HEART SHAPED WALL MIRROR, "
"2","RED STAR CARD HOLDER"
"2","FRYING PAN RED POLKADOT "
"2","MILK PAN PINK RETROSPOT"
"2","FOUR HOOK  WHITE LOVEBIRDS"
"2","CAKE PLATE LOVEBIRD WHITE"
"2","WHITE LOVEBIRD LANTERN"
"2","3 PIECE JIGSAW TOADSTOOLS"
"2","JIGSAW RABBIT AND BIRDHOUSE"
"2","HOOK, 5 HANGER , MAGIC TOADSTOOL"
"2","HOOK, 3 HANGER ,MAGIC GARDEN"
"2","HOOK, 1 HANGER ,MAGIC GARDEN"
"2","FELTCRAFT DOLL ROSIE"
"2","WASH BAG VINTAGE ROSE PAISLEY"
"2","COSMETIC BAG VINTAGE ROSE PAISLEY"
"2","COFFEE MUG PINK PAISLEY DESIGN"
"2","GOLD MUG BONE CHINA TREE OF LIFE"
"2","FIVE HEART HANGING DECORATION"
"2","BIRDS MOBILE VINTAGE DESIGN"
"2","CHRISTMAS TREE PAINTED ZINC "
"2","LOVE GARLAND PAINTED ZINC "
"2","LUNCHBOX WITH CUTLERY FAIRY CAKES "
"2","RETRO SPOT PADDED SEAT CUSHION"
"2","nan"
"2","AIRLINE BAG VINTAGE JET SET BROWN"
"2","WALL TIDY RETROSPOT "
"2","LIPSTICK PEN RED"
"2","ENAMEL WASH BOWL CREAM"
"2","ENAMEL FIRE BUCKET CREAM"
"2","ENAMEL WATERING CAN CREAM"
"2","GROW YOUR OWN PLANT IN A CAN "
"2","BIRDHOUSE GARDEN MARKER "
"2","SET OF 2 WOODEN MARKET CRATES"
"2","PLASMATRONIC LAMP"
"2","SET OF 2 ROUND TINS DUTCH CHEESE"
"2","CHILDS GARDEN SPADE BLUE"
"2","CHILDS GARDEN SPADE PINK"
"2","CHILDS GARDEN BRUSH PINK"
"2","CHILDS GARDEN TROWEL BLUE "
"2","WOODEN SCHOOL COLOURING SET"
"2","ALPHABET STENCIL CRAFT"
"2","20 DOLLY PEGS RETROSPOT"
"2","METAL MERRY CHRISTMAS WREATH"
"2","CARDHOLDER GINGHAM CHRISTMAS TREE"
"2","BLACK KITCHEN SCALES"
"2","MINT KITCHEN SCALES"
"2","PICNIC BOXES SET OF 3 RETROSPOT "
"2","HAND WARMER UNION JACK"
"2","CERAMIC PIRATE CHEST MONEY BANK"
"2","nan"
"2","PINK BABY BUNTING"
"2","BLACK AND WHITE CAT BOWL"
"2","nan"
"2","TRAY, BREAKFAST IN BED"
"2","PHOTO FRAME CORNICE"
"2","TRIPLE PHOTO FRAME CORNICE "
"2","FAMILY PHOTO FRAME CORNICE"
"2","GUMBALL MAGAZINE RACK"
"2","SWEETHEART RECIPE BOOK STAND"
"2","PHOTO FRAME 3 CLASSIC HANGING"
"2","ANTIQUE TALL SWIRLGLASS TRINKET POT"
"2","HOT WATER BOTTLE I AM SO POORLY"
"2","BREAD BIN DINER STYLE PINK"
"2","NUMBER TILE COTTAGE GARDEN, 9"
"2","CHILDRENS APRON DOLLY GIRL "
"2","nan"
"2","nan"
"2","FELTCRAFT CHRISTMAS FAIRY"
"2","ROSE COTTAGE KEEPSAKE BOX "
"2","HAND OPEN SHAPE DECO.WHITE"
"2","WOOLLY HAT SOCK GLOVE ADVENT STRING"
"2","SET OF 4 PASTEL STACKING MUGS"
"2","nan"
"2","WHITE BAMBOO RIBS LAMPSHADE"
"2","POLKADOT CUTLERY 24 PCS IN TRAY"
"2","ENGLISH ROSE TAPE MEASURE"
"2","MINATURE COLOURED GARDENING SET"
"2","PARTY BUNTING"
"2","nan"
"2","TEA TIME KITCHEN APRON"
"2","ENGLISH ROSE DESIGN PEG BAG"
"2","SET OF 3 WICKER BASKET ROSE"
"2","CONGRATULATIONS BUNTING"
"2","BLUE HAPPY BIRTHDAY BUNTING"
"2","PINK FAIRY CAKE CHILD'S APRON"
"2","DOOR MAT NEW ENGLAND"
"2","FEATHER DUSTER, COAL BLACK"
"2","LOVE HEART POCKET WARMER"
"2","SET/6 PINK  BUTTERFLY T-LIGHTS"
"2","GRAND CHOCOLATECANDLE"
"2","VINTAGE CREAM 3 BASKET CAKE STAND"
"2","S/4 BLUE DINNER CANDLE SILVER FLOCK"
"2","OCEAN SCENT CANDLE IN JEWELLED BOX"
"2","ROSE SCENT CANDLE JEWELLED DRAWER"
"2","OCEAN SCENT CANDLE JEWELLED DRAWER"
"2","CAMOUFLAGE BACKPACK ON WHEELS"
"2","BLACK WINE GLASS"
"2","LILAC FLOWER BLOCK TABLE LAMP"
"2","PURPLE ORCHID FLOWER LIGHTS"
"2","AREA PATROLLED METAL SIGN"
"2","HOT BATHS METAL SIGN"
"2","FANNY'S REST STOPMETAL SIGN"
"2","METAL SIGN,CUPCAKE SINGLE HOOK"
"2","CHARLIE+LOLA RED HOT WATER BOTTLE "
"2","CHARLIE+LOLA PINK HOT WATER BOTTLE"
"2","nan"
"2","WISE MAN STAR SHAPE EGG PAN"
"2","TOP SECRET PEN SET"
"2","NEW BAROQUE JEWELLERY BOX "
"2","WHITE ROSE C/COVER"
"2","WHITE TRAVEL ALARM CLOCK"
"2","CLASSICAL ROSE SMALL VASE"
"2","PACK 20 DOLLY PEGS"
"2","FAIRY CAKES TABLE CLOCK"
"2","BLACK SMALL GLASS CAKE STAND"
"2","RED ROSE AND LACE C/COVER"
"2","ENCHANTED BIRD COATHANGER 5 HOOK"
"2","OCEAN STRIPE HAMMOCK "
"2","ASSORTED COLOUR BIRD ORNAMENT"
"2","WHITE WIRE EGG HOLDER"
"2","L BLUE C/COVER W PINK/YELLOW FLOWER"
"2","WAKE UP COCKEREL TILE HOOK"
"2","ANTIQUE SILVER TEA GLASS ENGRAVED"
"2","BLUE KASHMIRI COFFEE TABLE "
"2","BLUE KASHMIRI OCCASIONAL TABLE"
"2","PINK 3 PIECE MINI DOTS CUTLERY SET"
"2","SET OF 3 CONEY ISLAND OVAL BOXES"
"2","SET/6 SILVER REINDEER T-LIGHTS"
"2","GARDENIA 3 WICK MORRIS BOXED CANDLE"
"2","SET/4 BLUE FLOWER CANDLES IN BOWL"
"2","SET/4 PINK ORCHID CANDLES IN BOWL"
"2","GREEN CHRISTMAS TREE STRING 20LIGHT"
"2","FRENCH ENAMEL WATER BASIN"
"2","WOOD FAN WITH FLOWER DESIGN"
"2","nan"
"2"," SILVER T-LIGHT SETTING"
"2","PINK JUICY FRUIT PHOTO FRAME"
"2","RED SHARK HELICOPTER"
"2","JARDIN ETCHED GLASS FRUITBOWL"
"2","JARDIN ETCHED GLASS BUTTER DISH"
"2","ACRYLIC GEOMETRIC LAMP"
"2","SET/6 PINK BIRD T-LIGHT CANDLES"
"2","S/4 CACTI CANDLES"
"2","CACTI T-LIGHT CANDLES"
"2","CREAM FELT EASTER EGG BASKET"
"2","PINK FELT EASTER EGG BASKET"
"2","ASSORTED COLOUR SILK COSMETIC PURSE"
"2","WHITE/BLUE PULL BACK RACING CAR"
"2","EDWARDIAN DROP EARRINGS JET BLACK"
"2","DIAMANTE NECKLACE"
"2","GREEN SWEETHEART BRACELET"
"2","DOTCOM POSTAGE"
"1","SILVER PLATE CANDLE BOWL LARGE"
"1","MEDINA STAMPED METAL TRAY "
"1","SMALL MEDINA STAMPED METAL BOWL "
"1","MEDIUM MEDINA STAMPED METAL BOWL "
"1","LARGE MEDINA STAMPED METAL BOWL "
"1","GIANT MEDINA STAMPED METAL BOWL "
"1","RIDGED GLASS PENDANT LAMPSHADE"
"1","MONEY BOX KINGS CHOICE DESIGN"
"1","MONEY BOX CONFECTIONERY DESIGN"
"1","RED STRIPE CERAMIC DRAWER KNOB"
"1"," RIDGED GLASS T-LIGHT HOLDER"
"1","SCANDINAVIAN REDS RIBBONS"
"1","LIPSTICK PEN BABY PINK"
"1","RIDGED GLASS STORAGE JAR CREAM LID"
"1","GLASS ETCHED T-LIGHT HOLDER LARGE"
"1","BABY BOOM RIBBONS "
"1","ASSORTED TUTTI FRUTTI PHOTO FRAME"
"1","FRENCH ENAMEL CANDLEHOLDER"
"1","ASSORTED TUTTI FRUTTI SMALL PURSE"
"1","FRENCH ENAMEL POT W LID"
"1","12 COLOURED PARTY BALLOONS"
"1","GROW YOUR OWN BASIL IN ENAMEL MUG"
"1","ASSORTED TUTTI FRUTTI LARGE PURSE"
"1","GROW YOUR OWN HERBS SET OF 3"
"1","nan"
"1","INFLATABLE POLITICAL GLOBE "
"1","MEASURING TAPE RUSSIAN DOLL BLUE"
"1","ASSORTED TUTTI FRUTTI PEN"
"1","ASSORTED MINI MADRAS NOTEBOOK"
"1","SUNFLOWER DECORATIVE PARASOL"
"1","VINTAGE PINK DECORATIVE PARASOL"
"1","SQUARE FLOOR CUSHION VINTAGE PINK "
"1","ELEPHANT CARNIVAL POUFFE"
"1","BABUSHKA LIGHTS STRING OF 10"
"1","VINTAGE UNION JACK BUNTING"
"1","SET OF 12 ROSE BOTANICAL T-LIGHTS"
"1","nan"
"1","RED GINGHAM TEDDY BEAR "
"1","SLEEPING CAT ERASERS"
"1","WHITE JEWELLED HEART DECORATION"
"1","LOLITA  DESIGN  COTTON TOTE BAG"
"1","SAVE THE PLANET COTTON TOTE BAG"
"1","MINI PAINT SET VINTAGE "
"1","PAINT YOUR OWN CANVAS SET"
"1","LETS GO SHOPPING COTTON TOTE BAG"
"1","PEARL CRYSTAL PUMPKIN T-LIGHT HLDR"
"1","SET OF 2 TINS VINTAGE BATHROOM "
"1","PINK  HEART SHAPE LOVE BUCKET "
"1","DINOSAUR LUNCHBOX WITH CUTLERY"
"1","SET OF 6 FUNKY BEAKERS"
"1","CERAMIC STRAWBERRY TRINKET TRAY"
"1","CERAMIC BIRDHOUSE RED ROOF LARGE"
"1","CERAMIC BIRDHOUSE CRESTED TIT LARGE"
"1","DAIRY MAID CERAMIC TOASTRACK"
"1","SPOTTY  HOME SWEET HOME DOORMAT"
"1","RED SPOTTY SHOPPER BAG"
"1","STRAWBERRY SHOPPER BAG"
"1","PARTY FOOD SHOPPER BAG"
"1","JUMBO BAG TOYS "
"1","CHILDS GARDEN FORK PINK"
"1","CHILDRENS GARDEN GLOVES PINK"
"1","FANCY FONT HOME SWEET HOME DOORMAT"
"1","GARDENERS KNEELING PAD"
"1","MINI JIGSAW DOLLY GIRL"
"1","PICTURE DOMINOES"
"1","BLUE WHITE SCARF HOT WATER BOTTLE"
"1","PINK HEART DOTS HOT WATER BOTTLE"
"1","PLASTERS IN TIN SKULLS"
"1","PLASTERS IN TIN STRONGMAN"
"1","CHICK GREY HOT WATER BOTTLE"
"1","PLASTERS IN TIN VINTAGE PAISLEY "
"1","nan"
"1","FLORAL BLUE MONSTER"
"1","BLACK PHOTO ALBUM "
"1","FELTCRAFT HAIRBANDS PINK + WHITE "
"1","SCANDINAVIAN 3 HEARTS NAPKIN RING"
"1","FELTCRAFT CUSHION BUTTERFLY"
"1","ROCKING HORSE RED CHRISTMAS "
"1","CANDY SPOT CUSHION COVER"
"1","SILVER SKULL HOT WATER BOTTLE "
"1","CANDY SPOT EGG WARMER RABBIT"
"1","FLOWER VINE RAFFIA FOOD COVER"
"1","BLUE CHALET BIRDFEEDER"
"1","SET3 BOOK BOX GREEN GINGHAM FLOWER "
"1","VINTAGE UNION JACK SHOPPING BAG"
"1","SKULLS STORAGE BOX SMALL"
"1","WOODLAND STORAGE BOX SMALL"
"1","SCALLOP SHELL SOAP DISH"
"1","COUNTRY COTTAGE  DOORSTOP GREEN"
"1","RED KITCHEN SCALES"
"1","HILDA CANDY SPOT RABBIT"
"1","FLORAL DINOSAUR GREEN"
"1","BLUE FLYING SINGING CANARY"
"1","SPOTTY PINK DUCK DOORSTOP"
"1","BROWN CHECK CAT DOORSTOP "
"1","RED  EGG  SPOON"
"1","BLUE  SPOTTY  COFFEE MUG"
"1","PINK SPOTTY BOWL"
"1","PEACE SMALL WOOD LETTERS"
"1","HOME SMALL WOOD LETTERS"
"1","TOAST ITS - HAPPY BIRTHDAY"
"1","PIGGY BANK RETROSPOT "
"1","TOAST ITS - FAIRY FLOWER"
"1","GOTHIC CARRIAGE LANTERN"
"1","LARGE SILVER BALUSTRADE CANDLESTICK"
"1","CERAMIC LOVE HEART MONEY BANK"
"1","nan"
"1","GREEN SPOTTY BOWL"
"1","TRAVEL SEWING KIT"
"1","GOLD JEWELERY BOX"
"1","DISCO BALL CHRISTMAS DECORATION"
"1","CLASSIC METAL BIRDCAGE PLANT HOLDER"
"1","GOLD WASHBAG"
"1","CHARLOTTE BAG DOLLY GIRL DESIGN"
"1","LUNCH BAG DOLLY GIRL DESIGN"
"1","MOROCCAN BEATEN METAL DISH LARGE"
"1","HANGING MEDINA LANTERN SMALL"
"1","GLASS CHALICE BLUE  LARGE "
"1","BEIGE PHOTO ALBUM"
"1","FRENCH LAUNDRY SIGN BLUE METAL"
"1","FRENCH BATHROOM SIGN BLUE METAL"
"1","FRENCH GARDEN SIGN BLUE METAL"
"1","FRENCH TOILET SIGN BLUE METAL"
"1","FRENCH KITCHEN SIGN BLUE METAL"
"1","WICKER STAR "
"1","SMALL CHUNKY GLASS ROMAN  BOWL"
"1","GLASS HEART T-LIGHT HOLDER "
"1","CAPIZ CHANDELIER"
"1","RETRO LAUNDRY TUB PINK"
"1","WHITE/BLUE RECT CERAMIC OIL BURNER"
"1","ALARM CLOCK BAKELIKE CHOCOLATE"
"1","ALARM CLOCK BAKELIKE RED "
"1","ALARM CLOCK BAKELIKE IVORY"
"1","FELTCRAFT PRINCESS CHARLOTTE DOLL"
"1","LOUVRE CHALKBOARD"
"1","nan"
"1","CHEST 7 DRAWER MA CAMPAGNE"
"1","RUSTIC WOODEN CABINET, GLASS DOORS"
"1","NEWSPAPER STAND"
"1","GREEN JUICY FRUIT PHOTO FRAME"
"1","LARGE ROUND CUTGLASS CANDLESTICK"
"1","BEADED CRYSTAL HEART PINK SMALL"
"1","SET/4 BUTTERFLY MIRROR MAGNETS"
"1","MIRROR CORNICE"
"1","SMALL SPOTTY CHOCOLATE GIFT BAG "
"1","GLASS CLOCHE LARGE"
"1","GLASS CLOCHE SMALL"
"1","WOODEN OWLS LIGHT GARLAND "
"1","BEADED PEARL HEART WHITE ON STICK"
"1","STRIPEY CHOCOLATE NESTING BOXES"
"1","BROCANTE COAT RACK"
"1","nan"
"1","CHARLIE AND LOLA FIGURES TINS"
"1","EMBOSSED HEART 3 DRAWER SHELF"
"1","WHITE GOOSE FEATHER CHRISTMAS TREE "
"1","SWEETHEART WIRE FRUIT BOWL"
"1","ASS COL LARGE SAND FROG P'WEIGHT"
"1","FIRST AID TIN"
"1","SET OF 6 T-LIGHTS TOADSTOOLS"
"1","PACK 3 BOXES BIRD PANNETONE "
"1","DECORATIVE PLANT POT WITH FRIEZE"
"1","GIANT SEVENTEEN DRAWER SIDEBOARD"
"1","SWEETHEART WIRE WALL TIDY"
"1","HALL CABINET WITH 3 DRAWERS"
"1","BLUE DRAGONFLY HELICOPTER"
"1","FRENCH BOTTLE , LAVENDER"
"1","CAKE TIN, 3 TIER MINT/IVORY"
"1","RED SPOTTY PLATE "
"1","GREEN SPOTTY CUP"
"1","BISCUIT TIN VINTAGE RED"
"1","BLUE  SPOTTY CUP"
"1","VINTAGE CREAM DOG FOOD CONTAINER"
"1","SET OF 72 IVORY PAPER DOILIES"
"1","RED DRAGONFLY HELICOPTER"
"1","BREAD BIN, DINER STYLE, MINT"
"1","SET 20 NAPKINS FAIRY CAKES DESIGN "
"1","PACK OF 72 RETRO SPOT CAKE CASES"
"1","SET OF 72 RETRO SPOT PAPER  DOILIES"
"1","NUMBER TILE COTTAGE GARDEN, 1"
"1","YELLOW SHARK HELICOPTER"
"1","NUMBER TILE COTTAGE GARDEN, No"
"1","PASTEL COLOUR HONEYCOMB FAN"
"1","SKULL AND CROSSBONES  GARLAND "
"1","SALT AND PEPPER SHAKERS TOADSTOOLS"
"1","nan"
"1","BLUE SHARK HELICOPTER"
"1","PACK OF 20 NAPKINS RED APPLES"
"1","nan"
"1","nan"
"1","JARDIN ETCHED GLASS GINGER JAR"
"1","MULTICOLOUR 3D BALLS GARLAND"
"1","CHRISTMAS LIGHTS 10 SANTAS "
"1","DAISIES  HONEYCOMB GARLAND "
"1","CHRISTMAS METAL POSTCARD WITH BELLS"
"1","BUTTERFLIES  HONEYCOMB GARLAND"
"1","DOLLY HONEYCOMB GARLAND"
"1","mailout addition"
"1","nan"
"1","HAND OPEN SHAPE PINK"
"1","ASS COL LARGE SAND GECKO P'WEIGHT"
"1","3D HEARTS  HONEYCOMB PAPER GARLAND"
"1"," HOME SWEET HOME  BLACKBOARD"
"1","PLEASE ONE PERSON  METAL SIGN"
"1","BEWARE OF THE CAT METAL SIGN "
"1","IVORY ROSE LAMPSHADE "
"1","PASTA ENAMEL/BRASS CONTAINER"
"1","HOME SWEET HOME METAL SIGN "
"1","KEEP OUT BOYS DOOR HANGER "
"1","SET OF 3 BIRD L.BLUE FEATHER"
"1","nan"
"1","BLUE GREEN CHRISTMAS HANGING BALL "
"1","IVORY STRING CURTAIN WITH POLE "
"1","VINTAGE BEAD CHAISE LONG JEWEL BOX"
"1","ENAMEL PINK COFFEE CONTAINER"
"1","ACRYLIC JEWEL SNOWFLAKE,BLUE"
"1","ACRYLIC JEWEL ICICLE, CLEAR "
"1","nan"
"1","FLAT GLASS  BAUBLE WHITE FLOCK "
"1","BLUE FLORIBUNDA EGG WARMER"
"1","CANDY HEART HANGING DECORATION"
"1","HANGING FAIRY CAKE DECORATION"
"1","12 ASS ZINC CHRISTMAS DECORATIONS"
"1","FOLK ART METAL STAR T-LIGHT HOLDER"
"1","MOODY BOY  DOOR HANGER "
"1","ZINC FOLKART SLEIGH BELLS"
"1","nan"
"1","SPOTS MUG"
"1","MULTICOLOUR SPRING FLOWER MUG"
"1","BLACK TEA,COFFEE,SUGAR JARS"
"1","MOODY GIRL DOOR HANGER "
"1","PINK CHERRY BLOSSOM CUP & SAUCER"
"1","ASSORTED WHITE EMBOSSED CHINA MUGS"
"1","YELLOW BREAKFAST CUP AND SAUCER"
"1","nan"
"1","RED SPOTTY OVEN GLOVE "
"1","ANTIQUE GLASS PLACE SETTING"
"1","BLACK RECORD COVER FRAME"
"1","COLOURFUL STANDING GNOME"
"1","SILVER FISHING GNOME "
"1","WHITE TEA,COFFEE,SUGAR JARS"
"1","FUNKY MONKEY MUG"
"1","PET MUG, BUDGIE"
"1","FLOWER FAIRY MUG+COASTER,LAVENDER"
"1","ENGLISH ROSE MUG IN GIFT BOX"
"1","nan"
"1","YELLOW RED FLOWER PIGGY BANK"
"1","COLOURFUL FISHING GNOME"
"1","GREEN BLUE FLOWER PIGGY BANK"
"1","FAIRY CAKE CERAMIC BUTTER DISH"
"1","SET 6 FOOTBALL CELEBRATION CANDLES"
"1","Glow In The Dark Shot Glasses "
"1","OWL DOORSTOP"
"1","TEA TIME MUG IN GIFT BOX"
"1","ROSE CARAVAN DOORSTOP"
"1","NEW ENGLAND MILK JUG W GIFT BOX"
"1","nan"
"1"," WHITE BAMBOO RIBS LAMPSHADE"
"1","BLACK BIRD GARDEN DESIGN MUG"
"1","PINK BUTTERFLY PAPER LAMPSHADE"
"1","SQUARE MIRROR CURTAIN"
"1","BLUE BUTTERFLY ON SPRING"
"1","POLYESTER FILLER PAD 40x40cm"
"1","BUBBLE GUM CHUNKY KNITTED THROW "
"1","SWISS ROLL TOWEL, CHOCOLATE  SPOTS"
"1","WOVEN SUNSET CUSHION COVER "
"1","nan"
"1","PAIR PADDED HANGERS PINK CHECK"
"1","nan"
"1","ASS FLORAL PRINT TORCH"
"1","ASS FLORAL PRINT SPIRIT LEVEL "
"1","SET/20 RED SPOTTY PAPER NAPKINS "
"1","FLOWER FAIRY INCENSE BOUQUET"
"1","ENGLISH ROSE SET/3 GARDEN TOOLS"
"1","ENGLISH ROSE GARDEN SECATEURS"
"1","WHITE RETRODISC LAMPSHADE"
"1","DOTS IRONING BOARD COVER"
"1","TEA TIME OVEN GLOVE"
"1","ENGLISH ROSE IRONING BOARD COVER"
"1","BLACK BAROQUE CUCKOO CLOCK"
"1","TEA TIME PARTY BUNTING"
"1","CANDY PINK FRENCH BOUDOIR CLOCK"
"1","WHITE METAL BAROQUE PHOTO FRAME"
"1","SET/6 BLACK BIRD T-LIGHT CANDLES"
"1","ENGLISH ROSE DESIGN SHOPPING BAG"
"1","TEA TIME BREAKFAST BASKET"
"1","FAIRY CAKE WICKER PICNIC BASKET "
"1","SET/6 EAU DE NIL BIRD T-LIGHTS"
"1","PINK FAIRY CAKE CUSHION COVER"
"1","nan"
"1","nan"
"1","PINK HAPPY BIRTHDAY BUNTING"
"1","nan"
"1","SCOTTIES DESIGN CHILD'S OVERALL"
"1","SET/20 COLLAGE PAPER NAPKIN "
"1","VINTAGE BILLBOARD DRINK ME MUG"
"1","SEWING SUSAN 21 NEEDLE SET"
"1","CHARLIE & LOLA WASTEPAPER BIN FLORA"
"1","FEATHER DUSTER, LIGHT PINK"
"1","STRIPY DESIGN SHOWER CAP"
"1","PINK STRIPES SHOULDER BAG"
"1","SET 4 EASTER DECOUPAGE OVAL BOXES"
"1","VINTAGE BILLBOARD TEA MUG"
"1","VINTAGE BILLBOARD LOVE/HATE MUG"
"1","SILVER BOOK MARK WITH BEADS"
"1","PINK GLASS CANDLEHOLDER"
"1","VINTAGE RED TEATIME MUG"
"1","BOOM BOX SPEAKER GIRLS"
"1","CD WALL TIDY BLUE OFFICE"
"1","FROSTED BOX 9 WHITE T-LIGHT CANDLES"
"1","RED ORGANIC CANDLE IN GLASS"
"1","nan"
"1","COLUMBIAN CANDLE ROUND "
"1","BOOM BOX SPEAKER BOYS"
"1","HANGING HEART BASKET"
"1","nan"
"1","nan"
"1","nan"
"1","ASSORTED COLOURS SILK FAN"
"1","BLACK BOX MIRROR LANTERN"
"1","S/4 GROOVY CAT MAGNETS"
"1","ROSE SCENT CANDLE IN JEWELLED BOX"
"1","ASSORTED CAKES FRIDGE MAGNETS"
"1","VANILLA SCENT CANDLE JEWELLED BOX"
"1","nan"
"1","EDWARDIAN PARASOL BLACK"
"1","VANILLA CANDLE IN EMBOSSED ZINC POT"
"1","TOOL BOX SOFT TOY "
"1","ZINC HEART HANGER WITH HOOKS"
"1","nan"
"1","STRING OF 8 BUTTERFLIES,PINK"
"1","LARGE CIRCULAR MIRROR MOBILE"
"1","STRING CRYSTALS NATURAL"
"1","FLOWER WINDMILL"
"1","SET/6 3D KIT CARDS FOR KIDS"
"1","nan"
"1","RED SPOTTY OVEN GLOVE DOUBLE"
"1","nan"
"1","TEATIME ROUND CAKE TINS "
"1","SPACE CADET BLACK"
"1","LIGHT BIRD HOUSE TREE DECORATION"
"1","SWISS CHALET TREE DECORATION "
"1","BLACK CHAMPAGNE GLASS"
"1","FLOWER FAIRY INCENSE ROSE"
"1","RETRO PLASTIC 70'S TRAY"
"1","RETRO PLASTIC POLKA TRAY"
"1","RETRO PLASTIC ELEPHANT TRAY"
"1","RETRO PLASTIC DAISY TRAY"
"1","ETCHED GLASS STAR TREE DECORATION"
"1","nan"
"1","nan"
"1","ART LIGHTS,FUNK MONKEY"
"1","ORIGAMI ROSE INCENSE IN TUBE"
"1","nan"
"1","SPRING FLOWER CHOPSTICKS SET/5"
"1","HEART CALCULATOR"
"1","12 PENCILS TALL TUBE SKULLS"
"1","36 PENCILS TUBE WOODLAND"
"1","12 PENCIL SMALL TUBE WOODLAND"
"1","SANDWICH BATH SPONGE"
"1","PORCELAIN HANGING BELL SMALL"
"1","PORCELAIN T-LIGHT HOLDERS ASSORTED"
"1","SET/6 GINGERBREAD STAR T-LIGHTS"
"1","nan"
"1","ORIGAMI ROSE INCENSE+FLOWER"
"1","SET/6 GINGERBREAD TREE T-LIGHTS"
"1","FROG CANDLE"
"1","BROWN FLOWER LIGHTS"
"1","FROSTED WHITE BASE "
"1","nan"
"1","FLOWER BLUE CLOCK W/SUCKER"
"1","ICON ALARM CLOCK,FUSCHIA  PIN UP"
"1","BATHROOM SCALES, TROPICAL BEACH"
"1","HEART SHAPE BUTTON FRAME "
"1","nan"
"1","FORKED CACTUS CANDLE"
"1","PINK POT PLANT CANDLE"
"1","VINTAGE KEEPSAKE BOX TRAVELOGUE"
"1","HANGING BAUBLE T-LIGHT HOLDER LARGE"
"1","HANGING BAUBLE T-LIGHT HOLDER SMALL"
"1","WASHROOM METAL SIGN"
"1","AIRLINE LOUNGE,METAL SIGN"
"1","nan"
"1","KITCHEN METAL SIGN"
"1","SET/3 TALL GLASS CANDLE HOLDER PINK"
"1","TOILET METAL SIGN"
"1","MIDNIGHT BLUE COPPER FLOWER NECKLAC"
"1","ANTIQUE MID BLUE FLOWER EARRINGS"
"1","TEXRIO TOMATOES CANDLE+CUP"
"1","BOMBS AWAY METAL SIGN"
"1","FLOWER BURST SILVER RING GREEN"
"1","NO SINGING METAL SIGN"
"1","BOX OF 3 PEBBLE CANDLES"
"1","GLASS BONBON JAR. D'AMANDES"
"1","BLACK/WHITE GLASS/SILVER BRACELET"
"1","METAL SIGN,CUPCAKE SINGLE HOOK"
"1","FRAPPUCINO SCARF KNITTING KIT"
"1","FLAG OF ST GEORGE CAR FLAG"
"1","RED WOOLLY HOTTIE WHITE HEART."
"1","GREEN VINTAGE EARRINGS "
"1","PADS TO MATCH ALL CUSHIONS"
"1","CHARLIE + LOLA RED HOT WATER BOTTLE"
"1","TREE OF NOAH FESTIVE SCENTED CANDLE"
"1","OPULENT VELVET CANDLE IN BOX"
"1","WHITE CERAMIC PARTY SET (5PCS)"
"1","BOX/12 CHICK & EGG IN BASKET"
"1","NEW BAROQUE SMALL NECKLACE BLACK"
"1","nan"
"1","ORANGE COCKTAIL GLASS LAMP"
"1","PATCHWORK PENCIL CASE BUTTERFLY "
"1","DENIM PATCH PENCIL CASE BUTTERFLY"
"1","nan"
"1","PINK JUMPER LARRY THE LAMB"
"1","BLUE PATCH PENCIL CASE PINK HEART"
"1","POMPOM CURTAIN"
"1","SET OF 3 HEART COOKIE CUTTERS"
"1","FIRE POLISHED GLASS NECKL GOLD"
"1","S/3 PINK COL METAL BASKET W HANDLE"
"1","CREAM CUPID HEARTS COAT HANGER"
"1","PINK/BLUE DISC/MIRROR STRING"
"1","FOUR PICTURE WHITE GLASS FRAME"
"1","S/6 PINK EASTER DECS IN BOX"
"1","FIRE POLISHED GLASS NECKL SILVER"
"1","PINK PATCH PENCIL CASE BLUE HEART"
"1","BLUE ROSE PATCH PURSE PINK BUTTERFL"
"1","CAMOFLAGE DESIGN TEDDY"
"1","BLUE CIRCLES DESIGN TEDDY"
"1","SET OF 4 NEW ENGLAND COASTERS "
"1","CARROT CHARLIE+LOLA COASTER SET"
"1","PACK OF 20 FAIRY CAKE PAPER NAPKINS"
"1","PINK KNITTED KIDS RUCKSACK"
"1","nan"
"1","PINK/WHITE RIBBED MELAMINE JUG"
"1","FROSTED GLASS WITH SILVER SURROUND"
"1","GIRLS ALPHABET IRON ON PATCHES "
"1","PACK 3 IRON ON DOG PATCHES"
"1","PACK 3 FIRE ENGINE/CAR PATCHES"
"1","PACK 4 FLOWER/BUTTERFLY PATCHES"
"1","PACK 6 HEART/ICE-CREAM PATCHES"
"1","6 HOOK JEWEL STAND LILAC DRESS"
"1","PINK CROCHET CAT WITH SCARF"
"1","JELLY BABIES YELLOW SMALL BOWL"
"1","BROCADE RING PURSE "
"1","BLACK NEW BAROQUE FLOCK BOX"
"1","PINK NEW BAROQUE FLOCK CANDLESTICK"
"1","SILVER ROCCOCO CHANDELIER"
"1","BLUE GINGHAM ROSE FLOOR CUSHION "
"1","PINK GINGHAM ROSE CUSHION COVER"
"1","CANDY STRIPE ROSE C/COVER "
"1","NEW BAROQUE WALL MIRROR"
"1","GREEN ROSE QUILT "
"1","WHITE VINTAGE CRYSTAL BRACELET"
"1","nan"
"1","GRASS HOPPER WOODEN WALL CLOCK "
"1","CHERRY BLOSSOM BATHROOM CABINET"
"1","PINK FLY SWAT"
"1","BLUE FLY SWAT"
"1","FLYING PIG WATERING CAN"
"1","DENIM PATCH PURSE PINK BUTTERFLY"
"1","CRYSTAL KEY+LOCK PHONE CHARM"
"1","CLASSICAL ROSE TABLE LAMP"
"1","CLASSICAL ROSE URN"
"1","CLASSICAL ROSE DISH"
"1","CLASSICAL ROSE CANDLESTAND"
"1","PINK PATCH PURSE BLUE HEART"
"1","BEACH HUT SHELF W 3 DRAWERS"
"1","BEACH HUT DESIGN BLACKBOARD"
"1","S/2 BEACH HUT TREASURE CHESTS"
"1","PINK CRYSTAL HEART PHONE CHARM"
"1","BOX OF 24 COCKTAIL PARASOLS"
"1","nan"
"1","CHERRY BLOSSOM TABLE CLOCK "
"1","RED PEONY TABLE CLOCK"
"1","PINK OVAL JEWELLED MIRROR"
"1","nan"
"1","BLUE PATCH PURSE PINK HEART"
"1","PINK BOUDICCA LARGE BRACELET"
"1","PINK EAU DE COLOGNE BOTTLE"
"1","ZINC HEART LATTICE CHARGER LARGE"
"1","WHITE PICNIC BARBECUE BUCKET"
"1","SILVER ROCOCO CANDLE STICK"
"1","PINK & WHITE ROSEBUD RING"
"1","SHAKER THROW  QUILTED"
"1","SILVER FINCH DECORATION"
"1","SMALL GLASS SUNDAE DISH CLEAR"
"1","GINGHAM HEART DECORATION"
"1","PAIR BUTTERFLY HAIR CLIPS"
"1","RED PAPER PARASOL"
"1","SEASIDE STRIPE HAMMOCK"
"1","BLUE SAVANNAH PICNIC HAMPER FOR 4"
"1","BLUE DELPHINIUM ARTIFICIAL FLOWER"
"1","LARGE BLUE PROVENCAL CERAMIC BALL"
"1","DANISH ROSE FOLDING CHAIR"
"1","DANISH ROSE UMBRELLA STAND"
"1","BLUE RETRO BAR STOOL"
"1","nan"
"1","WHITE SOAP RACK WITH 2 BOTTLES"
"1","CARNATION SQUARE HANDY TIN"
"1","GIRLY PINK TOOL SET"
"1","nan"
"1","SILVER HEART COMPACT MIRROR"
"1","BLACK FINE BEAD NECKLACE W TASSEL"
"1","BLACK+WHITE NECKLACE W TASSEL"
"1","BLUE METAL WALL SHELF"
"1","YELLOW + BROWN BEAR FELT PURSE KIT"
"1","PINK KNITTED COW STUFFED TOY"
"1","FUSCHIA RETRO BAR STOOL"
"1","PINK 5 PATCH FLOWER CUSHION COVER "
"1","MINT GREEN ROSE TOWEL"
"1","AMETHYST CHUNKY BEAD BRACELET W STR"
"1","SCOTTS ROSES TILE COASTER"
"1","AMBER DIAMANTE EXPANDABLE RING"
"1","LA PALMIERA TILE HOOK"
"1","PSYCHEDELIC TILE HOOK"
"1","SMALL ORIENTAL BLUE FOLDING STOOL"
"1","nan"
"1","ASSTD DESIGN POP ART SLIM PEN"
"1","CAMOUFLAGE EAR MUFF HEADPHONES"
"1","BLACK EAR MUFF HEADPHONES"
"1","AMETHYST DIAMANTE EXPANDABLE RING"
"1","SILVER HANGING T-LIGHT HOLDER DOME"
"1","PINK EAR MUFF HEADPHONES"
"1","nan"
"1","CRYSTAL DIAMANTE EXPANDABLE RING"
"1","PINK KASHMIRI OCCASIONAL TABLE"
"1","PURPLE GEMSTONE NECKLACE 45CM"
"1","S/16 VINTAGE IVORY CUTLERY"
"1","GARDEN PATH NOTEBOOK "
"1","LARGE HEART FLOWERS HOOK   "
"1","SMALL HEART FLOWERS HOOK "
"1","nan"
"1","S/2 ZINC HEART DESIGN PLANTERS"
"1","HEART SHAPED MIRROR"
"1","CHRYSANTHEMUM NOTEBOOK"
"1","75 GREEN FAIRY CAKE CASES"
"1","60 TEATIME FAIRY CAKE CASES"
"1","GREEN 3 PIECE MINI DOTS CUTLERY SET"
"1","GREEN FERN NOTEBOOK"
"1","BLUE PAISLEY NOTEBOOK"
"1","MIRROR MOSAIC T-LIGHT HOLDER "
"1","MIRROR MOSAIC T-LIGHT HOLDER ROUND"
"1","MIRROR MOSAIC GOBLET CANDLE HOLDER"
"1","MIRROR MOSAIC VOTIVE HOLDER"
"1","PAPER BUNTING RETRO SPOTS"
"1","PAPER BUNTING COLOURED LACE"
"1","5 STRAND GLASS NECKLACE BLACK"
"1","GREY HEART HOT WATER BOTTLE"
"1","HOT WATER BOTTLE TEA AND SYMPATHY"
"1","METAL SIGN EMPIRE TEA"
"1","METAL SIGN HER DINNER IS SERVED "
"1","SET 4 NURSERY DES ROUND BOXES"
"1","PAPER CHAIN KIT 50'S CHRISTMAS "
"1","PAPER CHAIN KIT SKULLS "
"1","SET OF 2 FANCY FONT TEA TOWELS"
"1","PURPLE SWEETHEART BRACELET"
"1","BLUE PAISLEY JOURNAL "
"1","BLUE/BROWN DOTS RUFFLED UMBRELLA"
"1","BATHROOM SET LOVE HEART DESIGN"
"1","PAPER CHAIN KIT RETRO SPOT"
"1","RIBBON REEL STRIPES DESIGN "
"1","CHRISTMAS CRAFT WHITE FAIRY "
"1","CHRISTMAS CRAFT LITTLE FRIENDS"
"1","EASTER CRAFT 4 CHICKS "
"1","RIBBON REEL FLORA + FAUNA "
"1"," 3 STRIPEY MICE FELTCRAFT"
"1","PLACE SETTING WHITE HEART"
"1","RIBBON REEL SPOTS DESIGN "
"1","STAR DECORATION RUSTIC"
"1","RIBBON REEL HEARTS DESIGN "
"1","RIBBON REEL LACE DESIGN "
"1","HEART GARLAND RUSTIC PADDED"
"1","STRING OF STARS CARD HOLDER"
"1","SET OF 6 VINTAGE NOTELETS KIT"
"1"," BLACK PIRATE TREASURE CHEST"
"1","CERAMIC BOWL WITH LOVE HEART DESIGN"
"1","CERAMIC PLATE LOVE HEART DESIGN"
"1","EMPIRE DESIGN ROSETTE"
"1","CHRISTMAS CARD STACK OF PRESENTS"
"1","VINTAGE CARAVAN GREETING CARD "
"1","PACK OF 60 PINK PAISLEY CAKE CASES"
"1","METAL 4 HOOK HANGER FRENCH CHATEAU"
"1","PINK OWL SOFT TOY"
"1","BLUE OWL SOFT TOY"
"1","SET OF 6 DOTS CHOPSTICKS"
"1","STRAWBERRIES  DESIGN FLANNEL "
"1","PINK VINTAGE PAISLEY PICNIC BAG"
"1","SCANDINAVIAN PAISLEY PICNIC BAG"
"1","CAKE STAND VICTORIAN FILIGREE SMALL"
"1","Electronic Talking Breath-A-Loser"
"1","SET 12 KIDS  WHITE CHALK STICKS"
"1","RED  HARMONICA IN BOX "
"1","S/6 PAPER BOXES ROMANTIC IMAGES"
"1","VINTAGE SEASIDE JIGSAW PUZZLES"
"1","nan"
"1","VINTAGE SNAKES & LADDERS"
"1","LOCAL CAFE MUG"
"1","PHARMACIE FIRST AID TIN"
"1","HOUSE WRECKING METAL SIGN "
"1","MAN FLU METAL SIGN"
"1","POTTING SHED SEED TIN"
"1","TRADITIONAL WOODEN SKIPPING ROPE"
"1","KINGS CHOICE MUG"
"1","GLAMOROUS  MUG"
"1","POTTING SHED COFFEE MUG"
"1","S/6 PAPER BOXES CURIOUS IMAGES "
"1","UNION JACK FLAG LUGGAGE TAG"
"1","CRYSTAL LARGE JEWELLED PHOTO FRAME"
"1","nan"
"1","MILK PAN BLUE RETROSPOT"
"1","WOOD STAMP SET BEST WISHES"
"1","WOOD STAMP SET FLOWERS"
"1","EAU DE NILE JEWELLED PHOTOFRAME"
"1","nan"
"1","HIGH SCHOOL MUSICAL 3 TOP TRUMPS "
"1","STAR WARS TOP TRUMPS GAME"
"1","nan"
"1","PINK LARGE JEWELED PHOTOFRAME"
"1","CAKE PLATE LOVEBIRD PINK"
"1","EAU DE NILE HEART SHAPE PHOTO FRAME"
"1","DECORATION, HANGING HEART+MIRROR "
"1","BUNNY WOODEN PAINTED WITH BIRD "
"1","JIGSAW TREE WITH WATERING CAN"
"1","PINK DIAMANTE PEN IN GIFT BOX"
"1","PINK HEART SHAPE PHOTO FRAME"
"1","FRENCH CHATEAU OVAL PLATTER"
"1","nan"
"1","SET/6 GOLD REINDEER T-LIGHT CANDLES"
"1","CAMOUFLAGE LED TORCH"
"1","BLUE SWEETHEART BRACELET"
"1","3 GARDENIA MORRIS BOXED CANDLES"
"1","BUNNY DECORATION MAGIC GARDEN"
"1","DECORATION  PINK CHICK MAGIC GARDEN"
"1","EASTER DECORATION HANGING BUNNY"
"1","DINOSAUR KEYRINGS ASSORTED"
"1","EIGHT PIECE DINOSAUR SET"
"1","HAPPY EASTER HANGING DECORATION"
"1","SANDALWOOD FAN"
"1","GLITTER STAR GARLAND WITH BELLS "
"1","CHRISTMAS TREE T-LIGHT HOLDER"
"1","GARDENIA 1 WICK MORRIS BOXED CANDLE"
"1","S/4 BLACK MINI ROSE CANDLE IN BOWL"
"1","CHRISTMAS GARLAND STARS,TREES"
"1","12 EGG HOUSE PAINTED WOOD"
"1","SET OF 3 BLUE STRIPE BASKET"
"1","HEN HOUSE DECORATION"
"1","STANDING METAL RABBIT WITH EGG"
"1","HEART FILIGREE DOVE  SMALL"
"1","HEART IVORY TRELLIS LARGE"
"1","CLASSIC FRENCH STYLE BASKET NATURAL"
"1","PIG KEYRING WITH LIGHT & SOUND "
"1","DECORATIVE FLORE BATHROOM BOTTLE"
"1","DECORATIVE ROSE BATHROOM BOTTLE"
"1","COFFEE MUG PEARS  DESIGN"
"1","FRENCH STYLE WIRE DOOR CABINET "
"1","COFFEE MUG BLUE PAISLEY DESIGN"
"1","CHRYSANTHEMUM SKETCHBOOK "
"1","SILVER CHARM NECKLACE 70CM"
"1","KNITTED MUG COSY IVORY COLOUR "
"1","OFFICE MUG WARMER BLACK+SILVER "
"1","OFFICE MUG WARMER POLKADOT"
"1","LETTER ""G"" BLING KEY RING"
"1","HAIRCLIPS FORTIES FABRIC ASSORTED"
"1","ABSTRACT CIRCLES POCKET BOOK"
"1","BIRD DECORATION GREEN  SPOT"
"1","HANGING METAL BIRD BATH"
"1","VINTAGE WOODEN PLATE RACK"
"1","VINTAGE WOODEN BAR STOOL"
"1","WOOD AND GLASS MEDICINE CABINET"
"1","BATH BUILDING BLOCK WORD"
"1"," LARGE SKULL WINDMILL"
"1","COSY SLIPPER SHOES LARGE GREEN"
"1","HEART DECORATION PAINTED ZINC "
"1","RETRO BLUE SPOTTY WASHING UP GLOVES"
"1","NOEL GARLAND PAINTED ZINC "
"1","SILVER MINI TAPE MEASURE "
"1","TEA BAG PLATE RED SPOTTY "
"1","COSY SLIPPER SHOES SMALL GREEN"
"1","CAT BOWL "
"1","RED HANGING METAL STAR TLIGHT HLDR"
"1","LETTER ""K"" BLING KEY RING"
"1","STRAWBERRY CANDY BAG"
"1","RED TOADSTOOL LED NIGHT LIGHT"
"1","EASTER TIN BUCKET"
"1","GIRLS VINTAGE TIN SEASIDE BUCKET"
"1","CITRONELLA CANDLE GARDEN POT"
"1","CITRONELLA CANDLE FLOWERPOT"
"1","FOLDING UMBRELLA  PINK/WHITE  SPOT"
"1","BAG 500g SWIRLY MARBLES"
"1","nan"
"1","BAG 250g SWIRLY MARBLES"
"1","BIG DOUGHNUT FRIDGE MAGNETS"
"1","DOORMAT RESPECTABLE HOUSE"
"1","SMALL SILVER FLOWER CANDLE POT"
"1","AIRLINE BAG VINTAGE JET SET RED"
"1","TRADITIONAL CHRISTMAS RIBBONS"
"1","ROMANTIC PINKS RIBBONS "
